model,feature_removed,original_log_r2,loo_log_r2,delta_log_r2,original_spearman,loo_spearman,delta_spearman
EdgeGAT_full_attention_ka_ka,refYear,0.272,0.33281054014712996,0.06081054014712994,0.602,0.6075454254238745,0.005545425423874484
EdgeGAT_full_attention_ka_ka,cmdCode,0.272,0.26049026351858295,-0.011509736481417066,0.602,0.5467303600517518,-0.055269639948248184
EdgeGAT_full_attention_ka_ka,gdpcap_d,0.272,0.08355340015352786,-0.18844659984647216,0.602,0.28463457271678394,-0.31736542728321604
EdgeGAT_full_attention_ka_ka,gdpcap_o,0.272,0.26044870440809675,-0.011551295591903266,0.602,0.5096384798211946,-0.09236152017880539
EdgeGAT_full_attention_ka_ka,pop_o,0.272,-0.09702275166569252,-0.36902275166569254,0.602,0.16629912116186132,-0.4357008788381387
EdgeGAT_full_attention_ka_ka,pop_d,0.272,0.08511324874628912,-0.1868867512537109,0.602,0.2873956448081473,-0.3146043551918527
EdgeGAT_full_attention_ka_ka,events_total,0.272,0.17054832792992736,-0.10145167207007266,0.602,0.5272308470867543,-0.0747691529132457
EdgeGAT_full_attention_ka_ka,score_mean,0.272,0.08380177284891854,-0.18819822715108148,0.602,0.2844368494949812,-0.31756315050501877
EdgeGAT_full_attention_ka_ka,score_max,0.272,0.06682061840821485,-0.20517938159178517,0.602,0.26215913619998205,-0.33984086380001793
EdgeGAT_full_attention_ka_ka,score_vol,0.272,0.1340972293204995,-0.13790277067950052,0.602,0.5292583391337904,-0.07274166086620959
EdgeGAT_full_attention_ka_ka,goldstein_wmean,0.272,0.2689296191096048,-0.003070380890395241,0.602,0.5467717012285886,-0.05522829877141133
EdgeGAT_full_attention_ka_ka,tone_mean,0.272,0.036623811903356396,-0.23537618809664362,0.602,0.2541628108508952,-0.3478371891491048
EdgeGAT_full_attention_ka_ka,active_months,0.272,0.29277547851638897,0.020775478516388945,0.602,0.5524875997253117,-0.049512400274688284
EdgeGAT_full_attention_ka_ka,pair_events,0.272,0.27060646871024074,-0.0013935312897592755,0.602,0.5443793948992839,-0.057620605100716094
EdgeGAT_full_attention_ka_ka,pair_score_mean,0.272,0.181993897406467,-0.09000610259353303,0.602,0.5137962156297389,-0.0882037843702611
EdgeGAT_full_attention_ka_ka,pair_score_max,0.272,0.20312285035166144,-0.06887714964833858,0.602,0.5443701351315361,-0.05762986486846389
EdgeGAT_full_attention_ka_ka,pair_gold_mean,0.272,0.08342593705718382,-0.1885740629428162,0.602,0.2833169912268781,-0.3186830087731219
EdgeGAT_full_attention_ka_ka,dist,0.272,0.20311446772972142,-0.0688855322702786,0.602,0.5291569582816873,-0.07284304171831268
EdgeGAT_full_attention_ka_tk,refYear,0.287,0.29385294028088826,0.006852940280888287,0.576,0.5536053854368793,-0.02239461456312064
EdgeGAT_full_attention_ka_tk,cmdCode,0.287,0.08261971949734004,-0.20438028050265994,0.576,0.28177751163970005,-0.2942224883602999
EdgeGAT_full_attention_ka_tk,gdpcap_d,0.287,0.2786699881948952,-0.008330011805104787,0.576,0.5421248358462135,-0.03387516415378644
EdgeGAT_full_attention_ka_tk,gdpcap_o,0.287,0.08376982935141142,-0.20323017064858856,0.576,0.2854296534391476,-0.29057034656085234
EdgeGAT_full_attention_ka_tk,pop_o,0.287,0.21156526012309695,-0.07543473987690302,0.576,0.516866508414796,-0.05913349158520398
EdgeGAT_full_attention_ka_tk,pop_d,0.287,0.0764694661118962,-0.21053053388810378,0.576,0.2738211918988677,-0.30217880810113223
EdgeGAT_full_attention_ka_tk,events_total,0.287,0.2761078086009964,-0.010892191399003603,0.576,0.5743995796352636,-0.001600420364736399
EdgeGAT_full_attention_ka_tk,score_mean,0.287,0.08613848892669917,-0.2008615110733008,0.576,0.28701164455819783,-0.2889883554418021
EdgeGAT_full_attention_ka_tk,score_max,0.287,0.061824519565259695,-0.22517548043474028,0.576,0.2578754591532397,-0.3181245408467603
EdgeGAT_full_attention_ka_tk,score_vol,0.287,0.06471815531919323,-0.22228184468080675,0.576,0.2621658825620976,-0.31383411743790235
EdgeGAT_full_attention_ka_tk,tone_mean,0.287,0.21469752355474359,-0.07230247644525639,0.576,0.5254151871907939,-0.050584812809206015
EdgeGAT_full_attention_ka_tk,active_months,0.287,0.19371121034137362,-0.09328878965862636,0.576,0.5415381902957012,-0.034461809704298796
EdgeGAT_full_attention_ka_tk,pair_events,0.287,0.05644110555960946,-0.23055889444039052,0.576,0.2543529308238527,-0.32164706917614727
EdgeGAT_full_attention_ka_tk,pair_score_mean,0.287,0.07561393359775836,-0.2113860664022416,0.576,0.2711695670076852,-0.30483043299231477
EdgeGAT_full_attention_ka_tk,pair_score_max,0.287,0.18365540760024246,-0.10334459239975752,0.576,0.5469611906489806,-0.029038809351019323
EdgeGAT_full_attention_ka_tk,pair_gold_mean,0.287,0.17685739688566493,-0.11014260311433505,0.576,0.5219718894445053,-0.05402811055549461
EdgeGAT_full_attention_ka_tk,dist,0.287,0.08597755567946819,-0.2010224443205318,0.576,0.28780547720283256,-0.2881945227971674
EdgeGAT_full_blend_tk_tk,refYear,0.338,0.31285142134782584,-0.02514857865217418,0.588,0.5727740464423947,-0.015225953557605254
EdgeGAT_full_blend_tk_tk,cmdCode,0.338,0.05825534511434982,-0.2797446548856502,0.588,0.5069662235099236,-0.08103377649007637
EdgeGAT_full_blend_tk_tk,gdpcap_d,0.338,0.21556435348535852,-0.1224356465146415,0.588,0.5203095909571761,-0.06769040904282386
EdgeGAT_full_blend_tk_tk,gdpcap_o,0.338,0.2257504519764003,-0.11224954802359971,0.588,0.4793969649499861,-0.10860303505001384
EdgeGAT_full_blend_tk_tk,pop_o,0.338,0.21857889342022419,-0.11942110657977584,0.588,0.49694866941519844,-0.09105133058480153
EdgeGAT_full_blend_tk_tk,pop_d,0.338,0.25430506481349724,-0.08369493518650278,0.588,0.5443372681782676,-0.043662731821732415
EdgeGAT_full_blend_tk_tk,events_total,0.338,0.1978349110956722,-0.14016508890432783,0.588,0.5145498175398637,-0.07345018246013624
EdgeGAT_full_blend_tk_tk,score_mean,0.338,0.27331536180184024,-0.06468463819815978,0.588,0.5446822372807703,-0.04331776271922971
EdgeGAT_full_blend_tk_tk,score_max,0.338,0.3005531337605768,-0.03744686623942323,0.588,0.5580187423275196,-0.029981257672480388
EdgeGAT_full_blend_tk_tk,score_vol,0.338,0.2636716126841888,-0.0743283873158112,0.588,0.5591342847988205,-0.02886571520117942
EdgeGAT_full_blend_tk_tk,goldstein_wmean,0.338,0.19952795190357409,-0.13847204809642594,0.588,0.5228367383611544,-0.06516326163884556
EdgeGAT_full_blend_tk_tk,tone_mean,0.338,0.27228166106245866,-0.06571833893754137,0.588,0.5282290755243717,-0.05977092447562826
EdgeGAT_full_blend_tk_tk,active_months,0.338,0.11699221802546889,-0.22100778197453114,0.588,0.5407827328850376,-0.047217267114962325
EdgeGAT_full_blend_tk_tk,pair_events,0.338,0.24691788631574296,-0.09108211368425706,0.588,0.5151716072737108,-0.07282839272628916
EdgeGAT_full_blend_tk_tk,pair_score_mean,0.338,0.33372737130759156,-0.0042726286924084644,0.588,0.5846555908789779,-0.003344409121022074
EdgeGAT_full_blend_tk_tk,pair_score_max,0.338,0.15315870464692494,-0.18484129535307509,0.588,0.5364973717648746,-0.051502628235125414
EdgeGAT_full_blend_tk_tk,pair_gold_mean,0.338,0.19088253921017972,-0.1471174607898203,0.588,0.5132453522201026,-0.07475464777989738
EdgeGAT_full_blend_tk_tk,dist,0.338,0.2093329399026258,-0.12866706009737422,0.588,0.5377815990748541,-0.050218400925145845
EdgeGAT_full_blend_tk_ka,refYear,0.321,0.22255646002123786,-0.09844353997876215,0.587,0.5434886865530965,-0.04351131344690351
EdgeGAT_full_blend_tk_ka,cmdCode,0.321,0.291181782690918,-0.029818217309082018,0.587,0.5729713945974564,-0.014028605402543581
EdgeGAT_full_blend_tk_ka,gdpcap_d,0.321,0.2571792566261816,-0.06382074337381843,0.587,0.5436071942933476,-0.04339280570665238
EdgeGAT_full_blend_tk_ka,gdpcap_o,0.321,0.047181226131782106,-0.2738187738682179,0.587,0.4205045936031803,-0.16649540639681965
EdgeGAT_full_blend_tk_ka,pop_o,0.321,0.19424762589101996,-0.12675237410898005,0.587,0.4779994226361713,-0.10900057736382868
EdgeGAT_full_blend_tk_ka,pop_d,0.321,0.20967703480810518,-0.11132296519189483,0.587,0.5454942066299623,-0.04150579337003768
EdgeGAT_full_blend_tk_ka,events_total,0.321,0.12472670042814926,-0.19627329957185075,0.587,0.474269855989719,-0.11273014401028097
EdgeGAT_full_blend_tk_ka,score_mean,0.321,0.20521610628223252,-0.11578389371776748,0.587,0.5422734941276869,-0.04472650587231308
EdgeGAT_full_blend_tk_ka,score_max,0.321,0.16793814614292224,-0.15306185385707777,0.587,0.5265431428176949,-0.06045685718230509
EdgeGAT_full_blend_tk_ka,score_vol,0.321,0.29152866666406707,-0.029471333335932937,0.587,0.5724977931621851,-0.01450220683781489
EdgeGAT_full_blend_tk_ka,goldstein_wmean,0.321,0.13737689866483993,-0.18362310133516008,0.587,0.5212667924905364,-0.06573320750946354
EdgeGAT_full_blend_tk_ka,tone_mean,0.321,0.11857907732757511,-0.2024209226724249,0.587,0.5240398204066716,-0.06296017959332834
EdgeGAT_full_blend_tk_ka,active_months,0.321,0.2491195208308562,-0.07188047916914381,0.587,0.5565367248041592,-0.0304632751958408
EdgeGAT_full_blend_tk_ka,pair_events,0.321,0.2773517757243914,-0.043648224275608605,0.587,0.5463088913552927,-0.04069110864470726
EdgeGAT_full_blend_tk_ka,pair_score_mean,0.321,0.27667828795354865,-0.044321712046451356,0.587,0.558761640867128,-0.028238359132871982
EdgeGAT_full_blend_tk_ka,pair_score_max,0.321,0.2280780902175077,-0.09292190978249232,0.587,0.5325715470391854,-0.054428452960814555
EdgeGAT_full_blend_tk_ka,pair_gold_mean,0.321,0.27827567752227333,-0.04272432247772667,0.587,0.5569339832320179,-0.03006601676798204
EdgeGAT_full_blend_tk_ka,dist,0.321,0.29879432060750943,-0.022205679392490574,0.587,0.570724243425594,-0.016275756574405942
