timestamp,model,fusion,scoring,gdelt,risk_level,tranche,r2,mae,smape,n,notes
2026-07-04T21:26:06,GAT,concat,keepall,True,node,all,0.1171,27502678.26,180.11,948,
2026-07-04T21:26:06,GAT,concat,keepall,True,node,1M,0.235,52862308.3,128.01,224,
2026-07-04T21:26:06,GAT,concat,keepall,True,node,10M,0.1768,81245053.74,85.29,87,
2026-07-04T21:26:06,GAT,concat,keepall,True,node,100M,-0.9439,213884726.42,91.15,22,
2026-07-04T21:29:06,GAT,concat,topk,True,node,all,0.055,29075848.98,184.55,948,
2026-07-04T21:29:06,GAT,concat,topk,True,node,1M,0.1778,50417027.27,144.86,224,
2026-07-04T21:29:06,GAT,concat,topk,True,node,10M,0.044,87526436.76,106.83,87,
2026-07-04T21:29:06,GAT,concat,topk,True,node,100M,-1.29,235029754.71,103.51,22,
2026-07-05T10:41:25,GCN,concat,keepall,True,node,all,0.095,26265388.83,180.07,948,
2026-07-05T10:41:25,GCN,concat,keepall,True,node,1M,0.2166,54543897.34,130.26,224,
2026-07-05T10:41:25,GCN,concat,keepall,True,node,10M,0.1896,81937862.6,85.6,87,
2026-07-05T10:41:25,GCN,concat,keepall,True,node,100M,-0.8801,216537103.56,96.19,22,
2026-07-05T13:49:57,RF,none,none,False,node,all,-0.6756,22225190.8,154.51,953,
2026-07-05T13:49:57,RF,none,none,False,node,1M,-0.3122,61479656.23,116.78,208,
2026-07-05T13:49:57,RF,none,none,False,node,10M,-0.198,95382331.64,79.16,82,
2026-07-05T13:49:57,RF,none,none,False,node,100M,-0.7003,183196040.29,56.34,20,
2026-07-05T13:49:58,GCN,none,none,False,node,all,0.1289,25002097.44,183.12,948,
2026-07-05T13:49:58,GCN,none,none,False,node,1M,0.1596,48858910.58,140.14,224,
2026-07-05T13:49:58,GCN,none,none,False,node,10M,0.0136,84343883.24,110.11,87,
2026-07-05T13:49:58,GCN,none,none,False,node,100M,-1.4128,237762900.71,106.13,22,
2026-07-05T13:50:06,GAT,none,none,False,node,all,0.1438,22965130.03,177.21,948,
2026-07-05T13:50:06,GAT,none,none,False,node,1M,0.219,48872470.85,121.81,224,
2026-07-05T13:50:06,GAT,none,none,False,node,10M,0.1364,76115467.47,79.84,87,
2026-07-05T13:50:06,GAT,none,none,False,node,100M,-1.1138,218553536.16,91.68,22,
2026-07-05T13:50:09,RF,concat,keepall,True,node,all,-0.1557,19197377.18,152.37,953,
2026-07-05T13:50:09,RF,concat,keepall,True,node,1M,0.1137,55192125.76,116.88,208,
2026-07-05T13:50:09,RF,concat,keepall,True,node,10M,0.3314,75600793.61,80.99,82,
2026-07-05T13:50:09,RF,concat,keepall,True,node,100M,0.0911,120521292.85,37.23,20,
2026-07-05T13:50:09,GCN,concat,keepall,True,node,all,-0.7671,51175414.0,186.37,948,
2026-07-05T13:50:09,GCN,concat,keepall,True,node,1M,-0.227,70362017.22,147.8,224,
2026-07-05T13:50:09,GCN,concat,keepall,True,node,10M,-0.281,100035764.52,113.29,87,
2026-07-05T13:50:09,GCN,concat,keepall,True,node,100M,-2.0861,273283272.02,137.35,22,
2026-07-05T13:50:17,GAT,concat,keepall,True,node,all,0.0453,28488580.75,183.13,948,
2026-07-05T13:50:17,GAT,concat,keepall,True,node,1M,0.1641,53440659.44,140.61,224,
2026-07-05T13:50:17,GAT,concat,keepall,True,node,10M,0.083,82345976.51,97.73,87,
2026-07-05T13:50:17,GAT,concat,keepall,True,node,100M,-1.2049,222443084.8,97.45,22,
2026-07-05T13:50:20,RF,concat,topk,True,node,all,-0.215,18840423.11,154.48,953,
2026-07-05T13:50:20,RF,concat,topk,True,node,1M,0.0924,53071949.22,115.61,208,
2026-07-05T13:50:20,RF,concat,topk,True,node,10M,0.2873,76149115.68,80.91,82,
2026-07-05T13:50:20,RF,concat,topk,True,node,100M,-0.0505,135361068.56,48.92,20,
2026-07-05T13:50:21,GCN,concat,topk,True,node,all,-0.3451,42859811.02,186.14,948,
2026-07-05T13:50:21,GCN,concat,topk,True,node,1M,0.0965,60268533.86,148.69,224,
2026-07-05T13:50:21,GCN,concat,topk,True,node,10M,0.0303,90727690.19,110.96,87,
2026-07-05T13:50:21,GCN,concat,topk,True,node,100M,-1.3144,240824870.43,116.36,22,
2026-07-05T13:50:28,GAT,concat,topk,True,node,all,-0.139,31487318.23,180.48,948,
2026-07-05T13:50:28,GAT,concat,topk,True,node,1M,0.0909,57734653.96,129.23,224,
2026-07-05T13:50:28,GAT,concat,topk,True,node,10M,0.0364,90291019.26,91.63,87,
2026-07-05T13:50:28,GAT,concat,topk,True,node,100M,-1.194,225421722.07,98.33,22,
2026-07-05T15:18:17,RF,none,none,False,node,sum,all,-0.6756,22225190.8,154.51,953,
2026-07-05T15:18:17,RF,none,none,False,node,sum,1M,-0.3122,61479656.23,116.78,208,
2026-07-05T15:18:17,RF,none,none,False,node,sum,10M,-0.198,95382331.64,79.16,82,
2026-07-05T15:18:17,RF,none,none,False,node,sum,100M,-0.7003,183196040.29,56.34,20,
2026-07-05T15:18:28,RF,none,none,False,node,sum,all,-0.6756,22225190.8,154.51,953,
2026-07-05T15:18:28,RF,none,none,False,node,sum,1M,-0.3122,61479656.23,116.78,208,
2026-07-05T15:18:28,RF,none,none,False,node,sum,10M,-0.198,95382331.64,79.16,82,
2026-07-05T15:18:28,RF,none,none,False,node,sum,100M,-0.7003,183196040.29,56.34,20,
2026-07-05T15:33:19,RF,none,none,False,node,sum,all,-0.6756,22225190.8,154.51,953,
2026-07-05T15:33:19,RF,none,none,False,node,sum,1M,-0.3122,61479656.23,116.78,208,
2026-07-05T15:33:19,RF,none,none,False,node,sum,10M,-0.198,95382331.64,79.16,82,
2026-07-05T15:33:19,RF,none,none,False,node,sum,100M,-0.7003,183196040.29,56.34,20,
2026-07-05T15:35:22,RF,none,none,False,node,sum,all,-0.6756,22225190.8,154.51,953,
2026-07-05T15:35:22,RF,none,none,False,node,sum,1M,-0.3122,61479656.23,116.78,208,
2026-07-05T15:35:22,RF,none,none,False,node,sum,10M,-0.198,95382331.64,79.16,82,
2026-07-05T15:35:22,RF,none,none,False,node,sum,100M,-0.7003,183196040.29,56.34,20,
2026-07-05T15:57:57,RF,none,none,False,node,sum,all,-0.6756,22225190.8,154.51,953,
2026-07-05T15:57:57,RF,none,none,False,node,sum,1M,-0.3122,61479656.23,116.78,208,
2026-07-05T15:57:57,RF,none,none,False,node,sum,10M,-0.198,95382331.64,79.16,82,
2026-07-05T15:57:57,RF,none,none,False,node,sum,100M,-0.7003,183196040.29,56.34,20,
2026-07-05T15:57:58,GCN,none,none,False,node,sum,all,-0.1306,36277311.52,184.81,948,
2026-07-05T15:57:58,GCN,none,none,False,node,sum,1M,0.1545,52558866.31,144.38,224,
2026-07-05T15:57:58,GCN,none,none,False,node,sum,10M,0.0281,85979750.56,105.07,87,
2026-07-05T15:57:58,GCN,none,none,False,node,sum,100M,-1.3656,237784887.82,107.22,22,
2026-07-05T15:58:06,GAT,none,none,False,node,sum,all,0.2023,20118585.19,180.57,948,
2026-07-05T15:58:06,GAT,none,none,False,node,sum,1M,0.2187,44839041.92,130.15,224,
2026-07-05T15:58:06,GAT,none,none,False,node,sum,10M,0.0947,79220397.05,97.23,87,
2026-07-05T15:58:06,GAT,none,none,False,node,sum,100M,-1.2159,225269097.82,97.11,22,
2026-07-05T15:58:08,RF,concat,keepall,True,node,sum,all,-0.1557,19197377.18,152.37,953,
2026-07-05T15:58:08,RF,concat,keepall,True,node,sum,1M,0.1137,55192125.76,116.88,208,
2026-07-05T15:58:08,RF,concat,keepall,True,node,sum,10M,0.3314,75600793.61,80.99,82,
2026-07-05T15:58:08,RF,concat,keepall,True,node,sum,100M,0.0911,120521292.85,37.23,20,
2026-07-05T15:58:09,GCN,concat,keepall,True,node,sum,all,-0.6276,47595724.42,184.23,948,
2026-07-05T15:58:09,GCN,concat,keepall,True,node,sum,1M,-0.1128,74718953.09,140.37,224,
2026-07-05T15:58:09,GCN,concat,keepall,True,node,sum,10M,-0.0176,97044375.22,93.45,87,
2026-07-05T15:58:09,GCN,concat,keepall,True,node,sum,100M,-1.1156,212323612.3,85.75,22,
2026-07-05T15:58:17,GAT,concat,keepall,True,node,sum,all,0.117,24160934.33,181.47,948,
2026-07-05T15:58:17,GAT,concat,keepall,True,node,sum,1M,0.1532,48745059.3,137.08,224,
2026-07-05T15:58:17,GAT,concat,keepall,True,node,sum,10M,0.0122,85290143.8,103.31,87,
2026-07-05T15:58:17,GAT,concat,keepall,True,node,sum,100M,-1.3963,236388399.8,104.52,22,
2026-07-05T15:58:20,RF,concat,topk,True,node,sum,all,-0.215,18840423.11,154.48,953,
2026-07-05T15:58:20,RF,concat,topk,True,node,sum,1M,0.0924,53071949.22,115.61,208,
2026-07-05T15:58:20,RF,concat,topk,True,node,sum,10M,0.2873,76149115.68,80.91,82,
2026-07-05T15:58:20,RF,concat,topk,True,node,sum,100M,-0.0505,135361068.56,48.92,20,
2026-07-05T15:58:21,GCN,concat,topk,True,node,sum,all,0.0112,33928264.06,181.43,948,
2026-07-05T15:58:21,GCN,concat,topk,True,node,sum,1M,0.2461,53996135.54,129.63,224,
2026-07-05T15:58:21,GCN,concat,topk,True,node,sum,10M,0.178,81100784.65,81.23,87,
2026-07-05T15:58:21,GCN,concat,topk,True,node,sum,100M,-0.9519,212442758.96,86.42,22,
2026-07-05T15:58:29,GAT,concat,topk,True,node,sum,all,-0.0844,33136628.77,183.64,948,
2026-07-05T15:58:29,GAT,concat,topk,True,node,sum,1M,0.0725,58805121.71,139.08,224,
2026-07-05T15:58:29,GAT,concat,topk,True,node,sum,10M,-0.0211,96234466.54,104.01,87,
2026-07-05T15:58:29,GAT,concat,topk,True,node,sum,100M,-1.3146,231275258.55,109.02,22,
2026-07-05T15:58:30,RF,none,none,False,node,first,all,0.3031,12753212.95,140.79,936,
2026-07-05T15:58:30,RF,none,none,False,node,first,1M,0.4004,37105481.38,87.3,208,
2026-07-05T15:58:30,RF,none,none,False,node,first,10M,0.3392,72948786.15,79.72,82,
2026-07-05T15:58:30,RF,none,none,False,node,first,100M,-0.1904,170250562.26,92.72,20,
2026-07-05T15:58:31,GCN,none,none,False,node,first,all,0.0239,26907556.2,183.32,948,
2026-07-05T15:58:31,GCN,none,none,False,node,first,1M,0.0858,48041070.74,140.96,224,
2026-07-05T15:58:31,GCN,none,none,False,node,first,10M,-0.1034,90480529.31,111.66,87,
2026-07-05T15:58:31,GCN,none,none,False,node,first,100M,-1.7212,264385469.26,131.32,22,
2026-07-05T15:58:39,GAT,none,none,False,node,first,all,0.1261,21394040.54,177.9,948,
2026-07-05T15:58:39,GAT,none,none,False,node,first,1M,0.1288,42483986.8,121.74,224,
2026-07-05T15:58:39,GAT,none,none,False,node,first,10M,-0.0569,83384620.11,93.75,87,
2026-07-05T15:58:39,GAT,none,none,False,node,first,100M,-1.6295,254683363.34,121.35,22,
2026-07-05T15:58:40,RF,concat,keepall,True,node,first,all,0.4534,10527308.24,139.97,936,
2026-07-05T15:58:40,RF,concat,keepall,True,node,first,1M,0.4885,30585942.28,80.03,208,
2026-07-05T15:58:40,RF,concat,keepall,True,node,first,10M,0.3909,63400776.19,72.7,82,
2026-07-05T15:58:40,RF,concat,keepall,True,node,first,100M,-0.2234,142228056.25,58.88,20,
2026-07-05T15:58:41,GCN,concat,keepall,True,node,first,all,-0.1329,30567093.08,185.17,948,
2026-07-05T15:58:41,GCN,concat,keepall,True,node,first,1M,-0.0058,53565220.1,150.54,224,
2026-07-05T15:58:41,GCN,concat,keepall,True,node,first,10M,-0.1807,97214029.06,132.04,87,
2026-07-05T15:58:41,GCN,concat,keepall,True,node,first,100M,-1.8268,260184643.02,135.15,22,
2026-07-05T15:58:48,GAT,concat,keepall,True,node,first,all,-0.0015,24436132.81,181.41,948,
2026-07-05T15:58:48,GAT,concat,keepall,True,node,first,1M,0.049,48286055.49,136.47,224,
2026-07-05T15:58:48,GAT,concat,keepall,True,node,first,10M,-0.131,92181244.08,117.81,87,
2026-07-05T15:58:48,GAT,concat,keepall,True,node,first,100M,-1.7617,266420783.1,138.39,22,
2026-07-05T15:58:50,RF,concat,topk,True,node,first,all,0.4163,11307127.41,142.54,936,
2026-07-05T15:58:50,RF,concat,topk,True,node,first,1M,0.4372,32289674.99,84.44,208,
2026-07-05T15:58:50,RF,concat,topk,True,node,first,10M,0.3259,67654037.02,77.01,82,
2026-07-05T15:58:50,RF,concat,topk,True,node,first,100M,-0.4365,163234541.94,75.49,20,
2026-07-05T15:58:51,GCN,concat,topk,True,node,first,all,-0.1209,31233897.62,185.63,948,
2026-07-05T15:58:51,GCN,concat,topk,True,node,first,1M,0.032,52467606.32,149.48,224,
2026-07-05T15:58:51,GCN,concat,topk,True,node,first,10M,-0.141,97337082.97,130.22,87,
2026-07-05T15:58:51,GCN,concat,topk,True,node,first,100M,-1.7508,266717314.7,135.85,22,
2026-07-05T15:58:59,GAT,concat,topk,True,node,first,all,-0.0338,27295818.6,180.42,948,
2026-07-05T15:58:59,GAT,concat,topk,True,node,first,1M,0.0224,47963710.17,126.43,224,
2026-07-05T15:58:59,GAT,concat,topk,True,node,first,10M,-0.1751,87955036.33,90.14,87,
2026-07-05T15:58:59,GAT,concat,topk,True,node,first,100M,-1.9312,274953210.39,140.85,22,
