timestamp,model,fusion,scoring,gdelt,risk_level,agg_mode,tranche,r2,mae,smape,n,notes
2026-07-05T16:04:09,RF,none,none,False,node,sum,all,-0.6756,22225190.8,154.51,953,
2026-07-05T16:04:09,RF,none,none,False,node,sum,1M,-0.3122,61479656.23,116.78,208,
2026-07-05T16:04:09,RF,none,none,False,node,sum,10M,-0.198,95382331.64,79.16,82,
2026-07-05T16:04:09,RF,none,none,False,node,sum,100M,-0.7003,183196040.29,56.34,20,
2026-07-05T16:04:10,GCN,none,none,False,node,sum,all,0.0373,27963934.63,186.1,948,
2026-07-05T16:04:10,GCN,none,none,False,node,sum,1M,0.157,55898665.35,150.4,224,
2026-07-05T16:04:10,GCN,none,none,False,node,sum,10M,0.0858,87399432.3,115.25,87,
2026-07-05T16:04:10,GCN,none,none,False,node,sum,100M,-1.1779,227975798.79,105.1,22,
2026-07-05T16:04:18,GAT,none,none,False,node,sum,all,0.1464,23800811.95,180.86,948,
2026-07-05T16:04:18,GAT,none,none,False,node,sum,1M,0.1872,49524240.11,132.96,224,
2026-07-05T16:04:18,GAT,none,none,False,node,sum,10M,0.0784,79955172.04,88.41,87,
2026-07-05T16:04:18,GAT,none,none,False,node,sum,100M,-1.2564,227600797.34,97.79,22,
2026-07-05T16:04:20,RF,concat,keepall,True,node,sum,all,-0.1557,19197377.18,152.37,953,
2026-07-05T16:04:20,RF,concat,keepall,True,node,sum,1M,0.1137,55192125.76,116.88,208,
2026-07-05T16:04:20,RF,concat,keepall,True,node,sum,10M,0.3314,75600793.61,80.99,82,
2026-07-05T16:04:20,RF,concat,keepall,True,node,sum,100M,0.0911,120521292.85,37.23,20,
2026-07-05T16:04:21,GCN,concat,keepall,True,node,sum,all,-0.1738,37852831.61,183.16,948,
2026-07-05T16:04:21,GCN,concat,keepall,True,node,sum,1M,0.1071,59620809.67,135.18,224,
2026-07-05T16:04:21,GCN,concat,keepall,True,node,sum,10M,0.0621,82051950.28,78.82,87,
2026-07-05T16:04:21,GCN,concat,keepall,True,node,sum,100M,-1.2453,220020886.71,88.25,22,
2026-07-05T16:04:29,GAT,concat,keepall,True,node,sum,all,0.093,29488973.92,183.07,948,
2026-07-05T16:04:29,GAT,concat,keepall,True,node,sum,1M,0.1966,53097728.3,135.59,224,
2026-07-05T16:04:29,GAT,concat,keepall,True,node,sum,10M,0.1057,82162547.86,90.7,87,
2026-07-05T16:04:29,GAT,concat,keepall,True,node,sum,100M,-1.1703,227083919.07,102.02,22,
2026-07-05T16:04:32,RF,concat,topk,True,node,sum,all,-0.215,18840423.11,154.48,953,
2026-07-05T16:04:32,RF,concat,topk,True,node,sum,1M,0.0924,53071949.22,115.61,208,
2026-07-05T16:04:32,RF,concat,topk,True,node,sum,10M,0.2873,76149115.68,80.91,82,
2026-07-05T16:04:32,RF,concat,topk,True,node,sum,100M,-0.0505,135361068.56,48.92,20,
2026-07-05T16:04:32,GCN,concat,topk,True,node,sum,all,-0.0787,34233328.43,182.56,948,
2026-07-05T16:04:32,GCN,concat,topk,True,node,sum,1M,0.1505,53657061.4,134.46,224,
2026-07-05T16:04:32,GCN,concat,topk,True,node,sum,10M,0.0574,86758432.88,87.5,87,
2026-07-05T16:04:32,GCN,concat,topk,True,node,sum,100M,-1.1965,230273931.61,99.36,22,
2026-07-05T16:04:40,GAT,concat,topk,True,node,sum,all,0.0864,28167125.61,181.05,948,
2026-07-05T16:04:40,GAT,concat,topk,True,node,sum,1M,0.2096,51245801.77,132.77,224,
2026-07-05T16:04:40,GAT,concat,topk,True,node,sum,10M,0.1171,81255226.18,93.39,87,
2026-07-05T16:04:40,GAT,concat,topk,True,node,sum,100M,-1.1286,218830686.2,93.03,22,
2026-07-05T16:04:41,RF,none,none,False,node,first,all,0.3031,12753212.95,140.79,936,
2026-07-05T16:04:41,RF,none,none,False,node,first,1M,0.4004,37105481.38,87.3,208,
2026-07-05T16:04:41,RF,none,none,False,node,first,10M,0.3392,72948786.15,79.72,82,
2026-07-05T16:04:41,RF,none,none,False,node,first,100M,-0.1904,170250562.26,92.72,20,
2026-07-05T16:04:42,GCN,none,none,False,node,first,all,0.0525,23650328.7,180.31,948,
2026-07-05T16:04:42,GCN,none,none,False,node,first,1M,0.082,45423647.02,129.35,224,
2026-07-05T16:04:42,GCN,none,none,False,node,first,10M,-0.112,86733300.6,101.28,87,
2026-07-05T16:04:42,GCN,none,none,False,node,first,100M,-1.7754,265891525.43,132.2,22,
2026-07-05T16:04:49,GAT,none,none,False,node,first,all,0.084,24679392.63,180.08,948,
2026-07-05T16:04:49,GAT,none,none,False,node,first,1M,0.1212,44809458.58,127.11,224,
2026-07-05T16:04:49,GAT,none,none,False,node,first,10M,-0.06,83043398.69,90.41,87,
2026-07-05T16:04:49,GAT,none,none,False,node,first,100M,-1.6572,260611655.61,128.04,22,
2026-07-05T16:04:51,RF,concat,keepall,True,node,first,all,0.4534,10527308.24,139.97,936,
2026-07-05T16:04:51,RF,concat,keepall,True,node,first,1M,0.4885,30585942.28,80.03,208,
2026-07-05T16:04:51,RF,concat,keepall,True,node,first,10M,0.3909,63400776.19,72.7,82,
2026-07-05T16:04:51,RF,concat,keepall,True,node,first,100M,-0.2234,142228056.25,58.88,20,
2026-07-05T16:04:51,GCN,concat,keepall,True,node,first,all,-0.3839,41391211.13,184.1,948,
2026-07-05T16:04:51,GCN,concat,keepall,True,node,first,1M,0.1118,57014616.36,141.94,224,
2026-07-05T16:04:51,GCN,concat,keepall,True,node,first,10M,-0.012,95045210.33,106.55,87,
2026-07-05T16:04:51,GCN,concat,keepall,True,node,first,100M,-1.3875,254142239.6,125.85,22,
2026-07-05T16:05:00,GAT,concat,keepall,True,node,first,all,-0.0091,30320141.09,180.42,948,
2026-07-05T16:05:00,GAT,concat,keepall,True,node,first,1M,0.1215,53544509.47,128.98,224,
2026-07-05T16:05:00,GAT,concat,keepall,True,node,first,10M,0.0132,86186395.3,91.12,87,
2026-07-05T16:05:00,GAT,concat,keepall,True,node,first,100M,-1.3568,236611109.64,108.52,22,
2026-07-05T16:05:01,RF,concat,topk,True,node,first,all,0.4163,11307127.41,142.54,936,
2026-07-05T16:05:01,RF,concat,topk,True,node,first,1M,0.4372,32289674.99,84.44,208,
2026-07-05T16:05:01,RF,concat,topk,True,node,first,10M,0.3259,67654037.02,77.01,82,
2026-07-05T16:05:01,RF,concat,topk,True,node,first,100M,-0.4365,163234541.94,75.49,20,
2026-07-05T16:05:02,GCN,concat,topk,True,node,first,all,-0.3216,39675576.43,182.86,948,
2026-07-05T16:05:02,GCN,concat,topk,True,node,first,1M,-0.0011,59528853.63,135.15,224,
2026-07-05T16:05:02,GCN,concat,topk,True,node,first,10M,-0.1138,92872952.84,90.58,87,
2026-07-05T16:05:02,GCN,concat,topk,True,node,first,100M,-1.6788,256894480.52,126.99,22,
2026-07-05T16:05:10,GAT,concat,topk,True,node,first,all,0.1296,23696860.71,183.58,948,
2026-07-05T16:05:10,GAT,concat,topk,True,node,first,1M,0.1523,46730493.63,142.04,224,
2026-07-05T16:05:10,GAT,concat,topk,True,node,first,10M,-0.0157,88243801.9,112.86,87,
2026-07-05T16:05:10,GAT,concat,topk,True,node,first,100M,-1.4819,250520217.01,122.23,22,
2026-07-05T18:12:28,RF,none,none,False,node,sum,all,-0.6756,22225190.8,154.51,953,
2026-07-05T18:12:28,RF,none,none,False,node,sum,1M,-0.3122,61479656.23,116.78,208,
2026-07-05T18:12:28,RF,none,none,False,node,sum,10M,-0.198,95382331.64,79.16,82,
2026-07-05T18:12:28,RF,none,none,False,node,sum,100M,-0.7003,183196040.29,56.34,20,
2026-07-05T18:12:28,GCN,none,none,False,node,sum,all,0.0178,31112972.67,183.61,948,
2026-07-05T18:12:28,GCN,none,none,False,node,sum,1M,0.1521,52753065.5,139.13,224,
2026-07-05T18:12:28,GCN,none,none,False,node,sum,10M,0.0496,82688375.87,101.75,87,
2026-07-05T18:12:28,GCN,none,none,False,node,sum,100M,-1.3353,235273481.75,104.57,22,
2026-07-05T18:12:36,GAT,none,none,False,node,sum,all,0.1675,24621015.06,179.93,948,
2026-07-05T18:12:36,GAT,none,none,False,node,sum,1M,0.2239,47534900.82,124.96,224,
2026-07-05T18:12:36,GAT,none,none,False,node,sum,10M,0.1168,76892217.89,79.64,87,
2026-07-05T18:12:36,GAT,none,none,False,node,sum,100M,-1.1879,228468282.43,100.18,22,
2026-07-05T18:12:38,RF,concat,keepall,True,node,sum,all,-0.1557,19197377.18,152.37,953,
2026-07-05T18:12:38,RF,concat,keepall,True,node,sum,1M,0.1137,55192125.76,116.88,208,
2026-07-05T18:12:38,RF,concat,keepall,True,node,sum,10M,0.3314,75600793.61,80.99,82,
2026-07-05T18:12:38,RF,concat,keepall,True,node,sum,100M,0.0911,120521292.85,37.23,20,
2026-07-05T18:12:39,GCN,concat,keepall,True,node,sum,all,-0.1956,35156648.97,181.6,948,
2026-07-05T18:12:39,GCN,concat,keepall,True,node,sum,1M,0.042,57342331.45,133.28,224,
2026-07-05T18:12:39,GCN,concat,keepall,True,node,sum,10M,-0.0266,91416520.18,93.82,87,
2026-07-05T18:12:39,GCN,concat,keepall,True,node,sum,100M,-1.2921,227838123.68,108.43,22,
2026-07-05T18:12:47,GAT,concat,keepall,True,node,sum,all,0.1588,25128578.74,182.29,948,
2026-07-05T18:12:47,GAT,concat,keepall,True,node,sum,1M,0.2096,48432378.49,138.39,224,
2026-07-05T18:12:47,GAT,concat,keepall,True,node,sum,10M,0.0837,84664971.46,105.11,87,
2026-07-05T18:12:47,GAT,concat,keepall,True,node,sum,100M,-1.2114,229748493.23,104.96,22,
2026-07-05T18:12:50,RF,concat,topk,True,node,sum,all,-0.215,18840423.11,154.48,953,
2026-07-05T18:12:50,RF,concat,topk,True,node,sum,1M,0.0924,53071949.22,115.61,208,
2026-07-05T18:12:50,RF,concat,topk,True,node,sum,10M,0.2873,76149115.68,80.91,82,
2026-07-05T18:12:50,RF,concat,topk,True,node,sum,100M,-0.0505,135361068.56,48.92,20,
2026-07-05T18:12:51,GCN,concat,topk,True,node,sum,all,-0.8232,53088750.85,187.65,948,
2026-07-05T18:12:51,GCN,concat,topk,True,node,sum,1M,-0.2134,82824701.19,152.45,224,
2026-07-05T18:12:51,GCN,concat,topk,True,node,sum,10M,-0.0784,103934185.55,111.86,87,
2026-07-05T18:12:51,GCN,concat,topk,True,node,sum,100M,-1.3112,224838489.78,103.87,22,
2026-07-05T18:12:59,GAT,concat,topk,True,node,sum,all,0.0227,28431960.47,181.15,948,
2026-07-05T18:12:59,GAT,concat,topk,True,node,sum,1M,0.1541,56106346.01,132.95,224,
2026-07-05T18:12:59,GAT,concat,topk,True,node,sum,10M,0.0886,87644464.06,95.56,87,
2026-07-05T18:12:59,GAT,concat,topk,True,node,sum,100M,-1.1287,227812976.11,102.14,22,
2026-07-05T18:13:00,RF,none,none,False,node,first,all,0.3031,12753212.95,140.79,936,
2026-07-05T18:13:00,RF,none,none,False,node,first,1M,0.4004,37105481.38,87.3,208,
2026-07-05T18:13:00,RF,none,none,False,node,first,10M,0.3392,72948786.15,79.72,82,
2026-07-05T18:13:00,RF,none,none,False,node,first,100M,-0.1904,170250562.26,92.72,20,
2026-07-05T18:13:01,GCN,none,none,False,node,first,all,-0.1676,35034378.43,182.5,948,
2026-07-05T18:13:01,GCN,none,none,False,node,first,1M,0.0738,50251009.61,135.23,224,
2026-07-05T18:13:01,GCN,none,none,False,node,first,10M,-0.0867,86216132.75,99.51,87,
2026-07-05T18:13:01,GCN,none,none,False,node,first,100M,-1.6879,258622798.57,130.91,22,
2026-07-05T18:13:08,GAT,none,none,False,node,first,all,0.108,22307805.64,179.89,948,
2026-07-05T18:13:08,GAT,none,none,False,node,first,1M,0.1135,44715552.92,127.13,224,
2026-07-05T18:13:08,GAT,none,none,False,node,first,10M,-0.0713,84306898.77,95.21,87,
2026-07-05T18:13:08,GAT,none,none,False,node,first,100M,-1.6751,259341788.77,126.9,22,
2026-07-05T18:13:10,RF,concat,keepall,True,node,first,all,0.4534,10527308.24,139.97,936,
2026-07-05T18:13:10,RF,concat,keepall,True,node,first,1M,0.4885,30585942.28,80.03,208,
2026-07-05T18:13:10,RF,concat,keepall,True,node,first,10M,0.3909,63400776.19,72.7,82,
2026-07-05T18:13:10,RF,concat,keepall,True,node,first,100M,-0.2234,142228056.25,58.88,20,
2026-07-05T18:13:11,GCN,concat,keepall,True,node,first,all,-0.101,30362621.2,182.73,948,
2026-07-05T18:13:11,GCN,concat,keepall,True,node,first,1M,0.0506,48947593.06,137.15,224,
2026-07-05T18:13:11,GCN,concat,keepall,True,node,first,10M,-0.1148,85857698.47,101.36,87,
2026-07-05T18:13:11,GCN,concat,keepall,True,node,first,100M,-1.7221,249803440.04,125.26,22,
2026-07-05T18:13:19,GAT,concat,keepall,True,node,first,all,0.1209,23439921.65,182.34,948,
2026-07-05T18:13:19,GAT,concat,keepall,True,node,first,1M,0.1417,47183860.4,139.04,224,
2026-07-05T18:13:19,GAT,concat,keepall,True,node,first,10M,-0.0277,89434943.93,111.46,87,
2026-07-05T18:13:19,GAT,concat,keepall,True,node,first,100M,-1.5062,253766787.6,125.22,22,
2026-07-05T18:13:21,RF,concat,topk,True,node,first,all,0.4163,11307127.41,142.54,936,
2026-07-05T18:13:21,RF,concat,topk,True,node,first,1M,0.4372,32289674.99,84.44,208,
2026-07-05T18:13:21,RF,concat,topk,True,node,first,10M,0.3259,67654037.02,77.01,82,
2026-07-05T18:13:21,RF,concat,topk,True,node,first,100M,-0.4365,163234541.94,75.49,20,
2026-07-05T18:13:22,GCN,concat,topk,True,node,first,all,-0.2009,37267135.01,184.64,948,
2026-07-05T18:13:22,GCN,concat,topk,True,node,first,1M,0.1052,58642483.35,143.85,224,
2026-07-05T18:13:22,GCN,concat,topk,True,node,first,10M,0.0397,93453652.36,106.25,87,
2026-07-05T18:13:22,GCN,concat,topk,True,node,first,100M,-1.1856,228685585.92,104.01,22,
2026-07-05T18:13:30,GAT,concat,topk,True,node,first,all,0.2188,22881432.78,180.49,948,
2026-07-05T18:13:30,GAT,concat,topk,True,node,first,1M,0.2536,47560161.96,128.43,224,
2026-07-05T18:13:30,GAT,concat,topk,True,node,first,10M,0.1456,82443009.44,89.11,87,
2026-07-05T18:13:30,GAT,concat,topk,True,node,first,100M,-1.0007,225519131.79,106.08,22,
2026-07-05T18:13:37,GAT,blend,keepall,True,node,first,all,0.0502,25476849.48,179.64,948,
2026-07-05T18:13:37,GAT,blend,keepall,True,node,first,1M,0.0538,46386980.38,123.35,224,
2026-07-05T18:13:37,GAT,blend,keepall,True,node,first,10M,-0.1517,87109792.41,87.84,87,
2026-07-05T18:13:37,GAT,blend,keepall,True,node,first,100M,-1.8997,276889510.61,144.2,22,
2026-07-05T18:13:45,GAT,blend,topk,True,node,first,all,0.0806,20753586.53,176.39,948,
2026-07-05T18:13:45,GAT,blend,topk,True,node,first,1M,0.0537,42683936.62,113.52,224,
2026-07-05T18:13:45,GAT,blend,topk,True,node,first,10M,-0.1623,85665707.06,84.03,87,
2026-07-05T18:13:45,GAT,blend,topk,True,node,first,100M,-1.9282,276619614.61,142.15,22,
2026-07-05T18:13:53,GAT,attention,keepall,True,node,first,all,0.1005,22034989.36,174.39,948,
2026-07-05T18:13:53,GAT,attention,keepall,True,node,first,1M,0.1295,44178768.34,114.8,224,
2026-07-05T18:13:53,GAT,attention,keepall,True,node,first,10M,-0.0527,85126303.72,89.64,87,
2026-07-05T18:13:53,GAT,attention,keepall,True,node,first,100M,-1.6133,256082796.61,122.62,22,
2026-07-05T18:14:01,GAT,attention,topk,True,node,first,all,0.1774,17867070.29,173.07,948,
2026-07-05T18:14:01,GAT,attention,topk,True,node,first,1M,0.2103,42025663.95,114.27,224,
2026-07-05T18:14:01,GAT,attention,topk,True,node,first,10M,0.0759,85242175.37,102.6,87,
2026-07-05T18:14:01,GAT,attention,topk,True,node,first,100M,-1.1203,217546326.93,100.68,22,
