feature,importance_log_r2,importance_spearman,model,dataset
heading_idx,0.3837109871333086,0.2820109774564945,EdgeGAT_full_blend_ka_tk_shrinkage,all_products_shrinkage
node:gdpcap_o,0.3355470412130479,0.246172615733518,EdgeGAT_full_blend_ka_tk_shrinkage,all_products_shrinkage
node:pop_o,0.2795102810766163,0.2076104242396279,EdgeGAT_full_blend_ka_tk_shrinkage,all_products_shrinkage
node:tone_mean,0.0990675558379426,0.0759944831408938,EdgeGAT_full_blend_ka_tk_shrinkage,all_products_shrinkage
node:active_months,0.0839114538747877,0.038633073078127,EdgeGAT_full_blend_ka_tk_shrinkage,all_products_shrinkage
node:events_total,0.0627925336840233,0.0346149394251006,EdgeGAT_full_blend_ka_tk_shrinkage,all_products_shrinkage
node:goldstein_wmean,0.0486748642728259,0.0344099784282268,EdgeGAT_full_blend_ka_tk_shrinkage,all_products_shrinkage
node:score_mean,0.0303524170285125,0.019148226532056,EdgeGAT_full_blend_ka_tk_shrinkage,all_products_shrinkage
node:score_max,0.0182636558241162,0.0121454713314874,EdgeGAT_full_blend_ka_tk_shrinkage,all_products_shrinkage
node:score_vol,0.0168544275611939,0.0112246140155758,EdgeGAT_full_blend_ka_tk_shrinkage,all_products_shrinkage
node:gdpcap_d,0.0086159235466298,0.0052949593756189,EdgeGAT_full_blend_ka_tk_shrinkage,all_products_shrinkage
node:pop_d,0.0049512764037097,0.0035557423691249,EdgeGAT_full_blend_ka_tk_shrinkage,all_products_shrinkage
node:cmdCode,0.0019655825621828,0.0020041605064475,EdgeGAT_full_blend_ka_tk_shrinkage,all_products_shrinkage
edge:pair_score_mean,0.000202384118268,0.0001417020696335,EdgeGAT_full_blend_ka_tk_shrinkage,all_products_shrinkage
edge:pair_events,2.476732576343436e-05,1.5349117409154307e-05,EdgeGAT_full_blend_ka_tk_shrinkage,all_products_shrinkage
edge:pair_score_max,1.2034897847586675e-05,7.71519209759782e-06,EdgeGAT_full_blend_ka_tk_shrinkage,all_products_shrinkage
node:refYear,0.0,0.0,EdgeGAT_full_blend_ka_tk_shrinkage,all_products_shrinkage
edge:dist,-3.0314630836099827e-05,4.557254608258029e-05,EdgeGAT_full_blend_ka_tk_shrinkage,all_products_shrinkage
edge:pair_gold_mean,-4.489865983618261e-05,2.807312056455717e-05,EdgeGAT_full_blend_ka_tk_shrinkage,all_products_shrinkage
heading_idx,0.3385484478971736,0.2827020626774298,EdgeGAT_full_concat_ka_tk_shrinkage,all_products_shrinkage
node:gdpcap_o,0.2878147702341694,0.1973247347151235,EdgeGAT_full_concat_ka_tk_shrinkage,all_products_shrinkage
node:pop_o,0.2636568766354202,0.1863999066439824,EdgeGAT_full_concat_ka_tk_shrinkage,all_products_shrinkage
node:tone_mean,0.0987646621209621,0.0857345170585092,EdgeGAT_full_concat_ka_tk_shrinkage,all_products_shrinkage
node:goldstein_wmean,0.0948386635552484,0.0357913223058511,EdgeGAT_full_concat_ka_tk_shrinkage,all_products_shrinkage
node:events_total,0.0908015801216396,0.0281239033669766,EdgeGAT_full_concat_ka_tk_shrinkage,all_products_shrinkage
node:active_months,0.062063068850133,0.0400792400525782,EdgeGAT_full_concat_ka_tk_shrinkage,all_products_shrinkage
node:score_mean,0.0475409627329418,0.0369983691143184,EdgeGAT_full_concat_ka_tk_shrinkage,all_products_shrinkage
node:score_max,0.0239422038303935,0.0163036083210901,EdgeGAT_full_concat_ka_tk_shrinkage,all_products_shrinkage
node:gdpcap_d,0.0180880173627024,0.0152753513230126,EdgeGAT_full_concat_ka_tk_shrinkage,all_products_shrinkage
node:score_vol,0.0115754233088246,0.0082839953826126,EdgeGAT_full_concat_ka_tk_shrinkage,all_products_shrinkage
node:pop_d,0.0094265169328887,0.008045170931031,EdgeGAT_full_concat_ka_tk_shrinkage,all_products_shrinkage
node:cmdCode,0.0060980325289672,0.0061065870007469,EdgeGAT_full_concat_ka_tk_shrinkage,all_products_shrinkage
edge:pair_events,0.0004402126530207,0.0002555110860644,EdgeGAT_full_concat_ka_tk_shrinkage,all_products_shrinkage
edge:dist,4.14006409488558e-05,5.6883482286089006e-05,EdgeGAT_full_concat_ka_tk_shrinkage,all_products_shrinkage
edge:pair_score_max,1.2027545446343288e-05,7.108805161230396e-06,EdgeGAT_full_concat_ka_tk_shrinkage,all_products_shrinkage
edge:pair_gold_mean,6.972020880661549e-06,4.406588682381862e-05,EdgeGAT_full_concat_ka_tk_shrinkage,all_products_shrinkage
node:refYear,0.0,0.0,EdgeGAT_full_concat_ka_tk_shrinkage,all_products_shrinkage
edge:pair_score_mean,-8.419589708578515e-06,-5.814760977533121e-07,EdgeGAT_full_concat_ka_tk_shrinkage,all_products_shrinkage
heading_idx,0.1983989961486718,0.292654218567098,GAT_first_topk_attention_shrinkage,all_products_shrinkage
refYear,0.0,0.0,GAT_first_topk_attention_shrinkage,all_products_shrinkage
cmdCode,0.0,0.0,GAT_first_topk_attention_shrinkage,all_products_shrinkage
dist,0.0,0.0,GAT_first_topk_attention_shrinkage,all_products_shrinkage
gdpcap_d,0.0,0.0,GAT_first_topk_attention_shrinkage,all_products_shrinkage
gdpcap_o,0.0,0.0,GAT_first_topk_attention_shrinkage,all_products_shrinkage
pop_o,0.0,0.0,GAT_first_topk_attention_shrinkage,all_products_shrinkage
pop_d,0.0,0.0,GAT_first_topk_attention_shrinkage,all_products_shrinkage
events_total,0.0,0.0,GAT_first_topk_attention_shrinkage,all_products_shrinkage
score_mean,0.0,0.0,GAT_first_topk_attention_shrinkage,all_products_shrinkage
score_max,0.0,0.0,GAT_first_topk_attention_shrinkage,all_products_shrinkage
score_vol,0.0,0.0,GAT_first_topk_attention_shrinkage,all_products_shrinkage
goldstein_wmean,0.0,0.0,GAT_first_topk_attention_shrinkage,all_products_shrinkage
tone_mean,0.0,0.0,GAT_first_topk_attention_shrinkage,all_products_shrinkage
active_months,0.0,0.0,GAT_first_topk_attention_shrinkage,all_products_shrinkage
heading_idx,0.3679760455706398,0.2760276764278529,EdgeGAT_full_attention_ka_ka_shrinkage,all_products_shrinkage
node:pop_o,0.3137326057773243,0.254361371210154,EdgeGAT_full_attention_ka_ka_shrinkage,all_products_shrinkage
node:gdpcap_o,0.3101636668625462,0.2122683853599022,EdgeGAT_full_attention_ka_ka_shrinkage,all_products_shrinkage
node:events_total,0.1337093630641678,0.0528949367184138,EdgeGAT_full_attention_ka_ka_shrinkage,all_products_shrinkage
node:goldstein_wmean,0.0951569456724092,0.037068895164756,EdgeGAT_full_attention_ka_ka_shrinkage,all_products_shrinkage
node:score_max,0.071358885753124,0.0144820487761705,EdgeGAT_full_attention_ka_ka_shrinkage,all_products_shrinkage
node:score_mean,0.0547559431373032,0.0135363785299969,EdgeGAT_full_attention_ka_ka_shrinkage,all_products_shrinkage
node:tone_mean,0.0508466451561815,0.0603763056119219,EdgeGAT_full_attention_ka_ka_shrinkage,all_products_shrinkage
node:active_months,0.0458181104995077,0.0271990831268176,EdgeGAT_full_attention_ka_ka_shrinkage,all_products_shrinkage
node:score_vol,0.0145173847646891,0.0072183996972242,EdgeGAT_full_attention_ka_ka_shrinkage,all_products_shrinkage
node:gdpcap_d,0.0059195308581032,0.0075458396838413,EdgeGAT_full_attention_ka_ka_shrinkage,all_products_shrinkage
node:cmdCode,0.0004634907997727,0.0013271768818003,EdgeGAT_full_attention_ka_ka_shrinkage,all_products_shrinkage
edge:pair_events,1.9365031030874984e-05,3.1210982571749923e-06,EdgeGAT_full_attention_ka_ka_shrinkage,all_products_shrinkage
edge:pair_score_max,1.6233445801779507e-05,-2.0787216672424336e-06,EdgeGAT_full_attention_ka_ka_shrinkage,all_products_shrinkage
edge:pair_score_mean,8.02998658718431e-06,1.9279154667891283e-06,EdgeGAT_full_attention_ka_ka_shrinkage,all_products_shrinkage
edge:dist,1.770783335260558e-06,1.239332218294642e-05,EdgeGAT_full_attention_ka_ka_shrinkage,all_products_shrinkage
node:refYear,0.0,0.0,EdgeGAT_full_attention_ka_ka_shrinkage,all_products_shrinkage
edge:pair_gold_mean,-2.322442017044235e-05,1.1394860583620789e-05,EdgeGAT_full_attention_ka_ka_shrinkage,all_products_shrinkage
node:pop_d,-0.0023896880190689,0.0036514751321064,EdgeGAT_full_attention_ka_ka_shrinkage,all_products_shrinkage
node:pop_o,0.5395645879165544,0.3173923582122591,EdgeGAT_full_attention_ka_tk_shrinkage,all_products_shrinkage
node:gdpcap_o,0.4486002893846512,0.2427579966927343,EdgeGAT_full_attention_ka_tk_shrinkage,all_products_shrinkage
heading_idx,0.335274666125039,0.2348840849132387,EdgeGAT_full_attention_ka_tk_shrinkage,all_products_shrinkage
node:events_total,0.0679798738399426,0.0382442553217305,EdgeGAT_full_attention_ka_tk_shrinkage,all_products_shrinkage
node:tone_mean,0.0650350405852256,0.0203171349959628,EdgeGAT_full_attention_ka_tk_shrinkage,all_products_shrinkage
node:goldstein_wmean,0.0462834079801602,0.0240399856758627,EdgeGAT_full_attention_ka_tk_shrinkage,all_products_shrinkage
node:active_months,0.0260396196081285,0.0132285529886916,EdgeGAT_full_attention_ka_tk_shrinkage,all_products_shrinkage
node:score_mean,0.0194601289880469,0.0084583405965391,EdgeGAT_full_attention_ka_tk_shrinkage,all_products_shrinkage
node:gdpcap_d,0.017200853540794,0.0111034680044286,EdgeGAT_full_attention_ka_tk_shrinkage,all_products_shrinkage
node:score_max,0.0167147685791531,0.0075843147807736,EdgeGAT_full_attention_ka_tk_shrinkage,all_products_shrinkage
node:score_vol,0.0147751284583423,0.001586792102407,EdgeGAT_full_attention_ka_tk_shrinkage,all_products_shrinkage
node:cmdCode,0.002984578447502,0.001495851896332,EdgeGAT_full_attention_ka_tk_shrinkage,all_products_shrinkage
edge:pair_gold_mean,6.677546850057207e-06,6.197815141591641e-05,EdgeGAT_full_attention_ka_tk_shrinkage,all_products_shrinkage
edge:pair_score_mean,9.87677810093679e-07,8.994763097125436e-06,EdgeGAT_full_attention_ka_tk_shrinkage,all_products_shrinkage
node:refYear,0.0,0.0,EdgeGAT_full_attention_ka_tk_shrinkage,all_products_shrinkage
edge:pair_score_max,-6.463988282190414e-06,-2.277364378448313e-06,EdgeGAT_full_attention_ka_tk_shrinkage,all_products_shrinkage
edge:dist,-2.1607808993110805e-05,-4.7774025131082825e-06,EdgeGAT_full_attention_ka_tk_shrinkage,all_products_shrinkage
edge:pair_events,-4.635328849700304e-05,-2.528200749196685e-06,EdgeGAT_full_attention_ka_tk_shrinkage,all_products_shrinkage
node:pop_d,-0.0001849644219111,0.0010836074745368,EdgeGAT_full_attention_ka_tk_shrinkage,all_products_shrinkage
heading_idx,0.3684613615724628,0.2614038940627912,EdgeGAT_full_attention_tk_ka_shrinkage,all_products_shrinkage
node:gdpcap_o,0.2642175302952516,0.2047981692398393,EdgeGAT_full_attention_tk_ka_shrinkage,all_products_shrinkage
node:pop_o,0.2373500535930241,0.1771497172145671,EdgeGAT_full_attention_tk_ka_shrinkage,all_products_shrinkage
node:tone_mean,0.1110599426216288,0.0712695156576486,EdgeGAT_full_attention_tk_ka_shrinkage,all_products_shrinkage
node:events_total,0.0702216019626629,0.0465772085016409,EdgeGAT_full_attention_tk_ka_shrinkage,all_products_shrinkage
node:score_mean,0.0316828308267436,0.0324880250496011,EdgeGAT_full_attention_tk_ka_shrinkage,all_products_shrinkage
node:active_months,0.0215164955083349,0.0155958376804633,EdgeGAT_full_attention_tk_ka_shrinkage,all_products_shrinkage
node:goldstein_wmean,0.0192330028128788,0.0197205970437767,EdgeGAT_full_attention_tk_ka_shrinkage,all_products_shrinkage
node:gdpcap_d,0.0113426619278145,0.0083805446482704,EdgeGAT_full_attention_tk_ka_shrinkage,all_products_shrinkage
node:pop_d,0.006651008234968,0.004502435498697,EdgeGAT_full_attention_tk_ka_shrinkage,all_products_shrinkage
node:cmdCode,0.0025982383977436,0.0011238700906348,EdgeGAT_full_attention_tk_ka_shrinkage,all_products_shrinkage
node:score_vol,0.0002533622932609,0.0035742391779826,EdgeGAT_full_attention_tk_ka_shrinkage,all_products_shrinkage
edge:dist,0.0001220781623832,4.453262759629428e-05,EdgeGAT_full_attention_tk_ka_shrinkage,all_products_shrinkage
edge:pair_score_mean,2.4137856501793564e-05,-5.415424277418109e-06,EdgeGAT_full_attention_tk_ka_shrinkage,all_products_shrinkage
edge:pair_score_max,2.1249772987304755e-05,8.523557058196888e-06,EdgeGAT_full_attention_tk_ka_shrinkage,all_products_shrinkage
edge:pair_gold_mean,2.1143877413180395e-05,2.2862801682399517e-05,EdgeGAT_full_attention_tk_ka_shrinkage,all_products_shrinkage
node:refYear,0.0,0.0,EdgeGAT_full_attention_tk_ka_shrinkage,all_products_shrinkage
edge:pair_events,-7.177122074356983e-06,-1.7592836673019363e-06,EdgeGAT_full_attention_tk_ka_shrinkage,all_products_shrinkage
node:score_max,-0.0010713548215613,0.0027180606746461,EdgeGAT_full_attention_tk_ka_shrinkage,all_products_shrinkage
heading_idx,0.2928319757427808,0.2229527566575237,EdgeGAT_full_attention_tk_tk_shrinkage,all_products_shrinkage
node:gdpcap_o,0.2720376250678128,0.1947069133634859,EdgeGAT_full_attention_tk_tk_shrinkage,all_products_shrinkage
node:pop_o,0.2302856668178677,0.1582173422871119,EdgeGAT_full_attention_tk_tk_shrinkage,all_products_shrinkage
node:goldstein_wmean,0.0757504621995344,0.0513999440806329,EdgeGAT_full_attention_tk_tk_shrinkage,all_products_shrinkage
node:tone_mean,0.0673301684730153,0.0480628092083131,EdgeGAT_full_attention_tk_tk_shrinkage,all_products_shrinkage
node:events_total,0.0283252121899504,0.0211386562799007,EdgeGAT_full_attention_tk_tk_shrinkage,all_products_shrinkage
node:active_months,0.0232051828463026,0.0115303799269522,EdgeGAT_full_attention_tk_tk_shrinkage,all_products_shrinkage
node:score_mean,0.0198562859228601,0.0100768248716729,EdgeGAT_full_attention_tk_tk_shrinkage,all_products_shrinkage
node:gdpcap_d,0.0094916067744317,0.0083430671594993,EdgeGAT_full_attention_tk_tk_shrinkage,all_products_shrinkage
node:cmdCode,0.0037332076926644,0.0029434929431109,EdgeGAT_full_attention_tk_tk_shrinkage,all_products_shrinkage
node:pop_d,0.0026176960141979,0.0024825270280521,EdgeGAT_full_attention_tk_tk_shrinkage,all_products_shrinkage
node:score_max,0.0012101961909963,0.0009927193026822,EdgeGAT_full_attention_tk_tk_shrinkage,all_products_shrinkage
edge:dist,1.964487043271124e-05,3.2149838177453205e-05,EdgeGAT_full_attention_tk_tk_shrinkage,all_products_shrinkage
node:refYear,0.0,0.0,EdgeGAT_full_attention_tk_tk_shrinkage,all_products_shrinkage
edge:pair_score_max,-3.871511572476709e-06,-8.388743828469103e-07,EdgeGAT_full_attention_tk_tk_shrinkage,all_products_shrinkage
edge:pair_gold_mean,-2.116199002980916e-05,5.413968615231024e-05,EdgeGAT_full_attention_tk_tk_shrinkage,all_products_shrinkage
edge:pair_events,-4.718212667398358e-05,-1.8113919630580178e-05,EdgeGAT_full_attention_tk_tk_shrinkage,all_products_shrinkage
edge:pair_score_mean,-0.0001576014347393,-3.2461632038775314e-05,EdgeGAT_full_attention_tk_tk_shrinkage,all_products_shrinkage
node:score_vol,-0.0018616957894912,-0.0007489176300815,EdgeGAT_full_attention_tk_tk_shrinkage,all_products_shrinkage
heading_idx,0.3797897215256598,0.2730446568922879,EdgeGAT_full_blend_ka_ka_shrinkage,all_products_shrinkage
node:pop_o,0.3031366271838004,0.2402357147186971,EdgeGAT_full_blend_ka_ka_shrinkage,all_products_shrinkage
node:gdpcap_o,0.2803797171359237,0.2224131404998323,EdgeGAT_full_blend_ka_ka_shrinkage,all_products_shrinkage
node:tone_mean,0.0894480654563481,0.0615919962917943,EdgeGAT_full_blend_ka_ka_shrinkage,all_products_shrinkage
node:events_total,0.0321138553985574,0.0210787493503515,EdgeGAT_full_blend_ka_ka_shrinkage,all_products_shrinkage
node:goldstein_wmean,0.0284130532645965,0.0076346882969854,EdgeGAT_full_blend_ka_ka_shrinkage,all_products_shrinkage
node:score_mean,0.0133650769964742,0.008417525056613,EdgeGAT_full_blend_ka_ka_shrinkage,all_products_shrinkage
node:active_months,0.0103958077453673,0.0253832347010532,EdgeGAT_full_blend_ka_ka_shrinkage,all_products_shrinkage
node:score_max,0.0092051744298996,0.0055971042730677,EdgeGAT_full_blend_ka_ka_shrinkage,all_products_shrinkage
node:gdpcap_d,0.0056169947119332,0.0045179915949761,EdgeGAT_full_blend_ka_ka_shrinkage,all_products_shrinkage
node:score_vol,0.0022598068922612,0.0025587944440534,EdgeGAT_full_blend_ka_ka_shrinkage,all_products_shrinkage
node:pop_d,0.0020458681856678,0.0021888702248763,EdgeGAT_full_blend_ka_ka_shrinkage,all_products_shrinkage
edge:dist,2.0357265911615425e-05,-5.692320375801548e-06,EdgeGAT_full_blend_ka_ka_shrinkage,all_products_shrinkage
edge:pair_events,8.788244346210247e-06,5.038687817722949e-06,EdgeGAT_full_blend_ka_ka_shrinkage,all_products_shrinkage
edge:pair_score_max,8.388629119671087e-06,5.381804414006375e-06,EdgeGAT_full_blend_ka_ka_shrinkage,all_products_shrinkage
node:refYear,0.0,0.0,EdgeGAT_full_blend_ka_ka_shrinkage,all_products_shrinkage
edge:pair_gold_mean,-0.0001314351492504,-5.63384888712104e-05,EdgeGAT_full_blend_ka_ka_shrinkage,all_products_shrinkage
edge:pair_score_mean,-0.000189658389319,-5.760435049798988e-05,EdgeGAT_full_blend_ka_ka_shrinkage,all_products_shrinkage
node:cmdCode,-0.0003039965869569,8.434937026768896e-05,EdgeGAT_full_blend_ka_ka_shrinkage,all_products_shrinkage
heading_idx,0.374946772469161,0.2767534845402681,EdgeGAT_full_blend_tk_ka_shrinkage,all_products_shrinkage
node:pop_o,0.3192524614384772,0.1957262081095622,EdgeGAT_full_blend_tk_ka_shrinkage,all_products_shrinkage
node:gdpcap_o,0.2914885793610766,0.2106839582049144,EdgeGAT_full_blend_tk_ka_shrinkage,all_products_shrinkage
node:events_total,0.0969860190115623,0.0570363192390561,EdgeGAT_full_blend_tk_ka_shrinkage,all_products_shrinkage
node:tone_mean,0.0784395201698943,0.0545167629647397,EdgeGAT_full_blend_tk_ka_shrinkage,all_products_shrinkage
node:goldstein_wmean,0.053061411839676,0.0286752252894992,EdgeGAT_full_blend_tk_ka_shrinkage,all_products_shrinkage
node:active_months,0.042573936651381,0.0162955297302419,EdgeGAT_full_blend_tk_ka_shrinkage,all_products_shrinkage
node:score_mean,0.0188481104788055,0.0109639023617594,EdgeGAT_full_blend_tk_ka_shrinkage,all_products_shrinkage
node:gdpcap_d,0.0096516818688628,0.0078277595182629,EdgeGAT_full_blend_tk_ka_shrinkage,all_products_shrinkage
node:score_vol,0.0053118850007643,0.0045868154340067,EdgeGAT_full_blend_tk_ka_shrinkage,all_products_shrinkage
node:pop_d,0.004211601183542,0.0030558340653703,EdgeGAT_full_blend_tk_ka_shrinkage,all_products_shrinkage
node:score_max,0.0031401359838224,0.0041684161705956,EdgeGAT_full_blend_tk_ka_shrinkage,all_products_shrinkage
edge:pair_score_mean,0.0004428338535489,0.0001042176863488,EdgeGAT_full_blend_tk_ka_shrinkage,all_products_shrinkage
node:cmdCode,0.0003863370730609,-7.688596844971733e-05,EdgeGAT_full_blend_tk_ka_shrinkage,all_products_shrinkage
edge:dist,0.000336934447075,0.0001151609376877,EdgeGAT_full_blend_tk_ka_shrinkage,all_products_shrinkage
node:refYear,0.0,0.0,EdgeGAT_full_blend_tk_ka_shrinkage,all_products_shrinkage
edge:pair_score_max,-1.8356104775074652e-05,-1.8210737551260792e-06,EdgeGAT_full_blend_tk_ka_shrinkage,all_products_shrinkage
edge:pair_events,-3.4178571743851784e-05,7.336011230152373e-06,EdgeGAT_full_blend_tk_ka_shrinkage,all_products_shrinkage
edge:pair_gold_mean,-4.674379661099663e-05,0.0002501650984437,EdgeGAT_full_blend_tk_ka_shrinkage,all_products_shrinkage
heading_idx,0.3937808077945883,0.3012918897206337,EdgeGAT_full_blend_tk_tk_shrinkage,all_products_shrinkage
node:gdpcap_o,0.3510002710708971,0.2446650508370851,EdgeGAT_full_blend_tk_tk_shrinkage,all_products_shrinkage
node:pop_o,0.2058769809292355,0.1731461355141294,EdgeGAT_full_blend_tk_tk_shrinkage,all_products_shrinkage
node:events_total,0.1194814611039916,0.0826662310615807,EdgeGAT_full_blend_tk_tk_shrinkage,all_products_shrinkage
node:tone_mean,0.1122863071862278,0.0849378462014563,EdgeGAT_full_blend_tk_tk_shrinkage,all_products_shrinkage
node:score_vol,0.0812406655519658,0.0294591483696633,EdgeGAT_full_blend_tk_tk_shrinkage,all_products_shrinkage
node:score_mean,0.036229254314208,0.0255300321320251,EdgeGAT_full_blend_tk_tk_shrinkage,all_products_shrinkage
node:active_months,0.0332885684891953,0.0228680017688002,EdgeGAT_full_blend_tk_tk_shrinkage,all_products_shrinkage
node:goldstein_wmean,0.0218060556043105,0.0190540505821371,EdgeGAT_full_blend_tk_tk_shrinkage,all_products_shrinkage
node:gdpcap_d,0.0054633314488709,0.0037498516276293,EdgeGAT_full_blend_tk_tk_shrinkage,all_products_shrinkage
node:pop_d,0.005457309771642,0.0046846464159481,EdgeGAT_full_blend_tk_tk_shrinkage,all_products_shrinkage
node:cmdCode,0.0007552004397536,0.0001593753367437,EdgeGAT_full_blend_tk_tk_shrinkage,all_products_shrinkage
edge:pair_events,0.0001940433998844,0.000114831134688,EdgeGAT_full_blend_tk_tk_shrinkage,all_products_shrinkage
edge:pair_score_max,8.957258766188284e-06,1.1434509702571797e-05,EdgeGAT_full_blend_tk_tk_shrinkage,all_products_shrinkage
node:refYear,0.0,0.0,EdgeGAT_full_blend_tk_tk_shrinkage,all_products_shrinkage
edge:dist,-2.917698491577969e-05,2.1008631611141304e-05,EdgeGAT_full_blend_tk_tk_shrinkage,all_products_shrinkage
edge:pair_gold_mean,-7.51721273368755e-05,8.283111913776064e-05,EdgeGAT_full_blend_tk_tk_shrinkage,all_products_shrinkage
edge:pair_score_mean,-0.0001633501546863,-8.264614765070752e-06,EdgeGAT_full_blend_tk_tk_shrinkage,all_products_shrinkage
node:score_max,-0.0056912333053594,-3.73279891203356e-05,EdgeGAT_full_blend_tk_tk_shrinkage,all_products_shrinkage
heading_idx,0.3321372844367866,0.2449957130819194,EdgeGAT_full_concat_ka_ka_shrinkage,all_products_shrinkage
node:gdpcap_o,0.3129741546432539,0.1880423315035649,EdgeGAT_full_concat_ka_ka_shrinkage,all_products_shrinkage
node:score_mean,0.1319818712986438,0.0532006384934524,EdgeGAT_full_concat_ka_ka_shrinkage,all_products_shrinkage
node:pop_o,0.1181238252162536,0.0644255758983064,EdgeGAT_full_concat_ka_ka_shrinkage,all_products_shrinkage
node:tone_mean,0.0730732282761396,0.0493223924245724,EdgeGAT_full_concat_ka_ka_shrinkage,all_products_shrinkage
node:score_vol,0.0454612921995081,0.0204507189410992,EdgeGAT_full_concat_ka_ka_shrinkage,all_products_shrinkage
node:active_months,0.0367530092959078,0.0200615963709825,EdgeGAT_full_concat_ka_ka_shrinkage,all_products_shrinkage
node:events_total,0.0274837135947334,0.0132990912704228,EdgeGAT_full_concat_ka_ka_shrinkage,all_products_shrinkage
node:gdpcap_d,0.0142605776884087,0.0117598165488111,EdgeGAT_full_concat_ka_ka_shrinkage,all_products_shrinkage
node:pop_d,0.0093666585057782,0.0080550352173035,EdgeGAT_full_concat_ka_ka_shrinkage,all_products_shrinkage
node:goldstein_wmean,0.0069611957603963,0.0393628838226191,EdgeGAT_full_concat_ka_ka_shrinkage,all_products_shrinkage
node:cmdCode,0.0053020724052833,0.0043891335362815,EdgeGAT_full_concat_ka_ka_shrinkage,all_products_shrinkage
node:score_max,0.0005278237946923,0.0040136143920314,EdgeGAT_full_concat_ka_ka_shrinkage,all_products_shrinkage
edge:pair_score_mean,0.0002979280243995,0.0001339168505249,EdgeGAT_full_concat_ka_ka_shrinkage,all_products_shrinkage
edge:dist,9.790547813259832e-05,8.238993394353115e-05,EdgeGAT_full_concat_ka_ka_shrinkage,all_products_shrinkage
edge:pair_gold_mean,3.513043560369559e-05,5.560972013344637e-05,EdgeGAT_full_concat_ka_ka_shrinkage,all_products_shrinkage
edge:pair_events,9.757838355106685e-07,-2.2843607875670338e-07,EdgeGAT_full_concat_ka_ka_shrinkage,all_products_shrinkage
node:refYear,0.0,0.0,EdgeGAT_full_concat_ka_ka_shrinkage,all_products_shrinkage
edge:pair_score_max,-1.2847717208478809e-05,-8.627843675760674e-06,EdgeGAT_full_concat_ka_ka_shrinkage,all_products_shrinkage
heading_idx,0.3569982190625066,0.2552300211161998,EdgeGAT_full_concat_tk_ka_shrinkage,all_products_shrinkage
node:events_total,0.2409725611014584,0.1064213766095289,EdgeGAT_full_concat_tk_ka_shrinkage,all_products_shrinkage
node:gdpcap_o,0.2355752712058609,0.1811986643100114,EdgeGAT_full_concat_tk_ka_shrinkage,all_products_shrinkage
node:score_mean,0.2004715081007548,0.0711508645592855,EdgeGAT_full_concat_tk_ka_shrinkage,all_products_shrinkage
node:pop_o,0.1830618743035059,0.1285037147972638,EdgeGAT_full_concat_tk_ka_shrinkage,all_products_shrinkage
node:goldstein_wmean,0.1209103830652844,0.0410784185012524,EdgeGAT_full_concat_tk_ka_shrinkage,all_products_shrinkage
node:tone_mean,0.0894935260833676,0.0740123644448062,EdgeGAT_full_concat_tk_ka_shrinkage,all_products_shrinkage
node:active_months,0.0801863533704874,0.0315673846990613,EdgeGAT_full_concat_tk_ka_shrinkage,all_products_shrinkage
node:score_max,0.0611470258328073,0.0329851681673752,EdgeGAT_full_concat_tk_ka_shrinkage,all_products_shrinkage
node:score_vol,0.0288014979995437,0.0146380207260765,EdgeGAT_full_concat_tk_ka_shrinkage,all_products_shrinkage
node:cmdCode,0.0208097129801827,0.0165855744317106,EdgeGAT_full_concat_tk_ka_shrinkage,all_products_shrinkage
node:gdpcap_d,0.0093413815343177,0.0070670901933151,EdgeGAT_full_concat_tk_ka_shrinkage,all_products_shrinkage
node:pop_d,0.0090553259765231,0.0077034498374699,EdgeGAT_full_concat_tk_ka_shrinkage,all_products_shrinkage
edge:dist,3.041758882738055e-05,-1.6771497672133744e-06,EdgeGAT_full_concat_tk_ka_shrinkage,all_products_shrinkage
edge:pair_gold_mean,1.0955565628097592e-05,1.4457517081511996e-05,EdgeGAT_full_concat_tk_ka_shrinkage,all_products_shrinkage
node:refYear,0.0,0.0,EdgeGAT_full_concat_tk_ka_shrinkage,all_products_shrinkage
edge:pair_events,-1.3968033954666244e-06,-1.274823829907253e-06,EdgeGAT_full_concat_tk_ka_shrinkage,all_products_shrinkage
edge:pair_score_max,-6.390036139743612e-06,-2.03394858907154e-06,EdgeGAT_full_concat_tk_ka_shrinkage,all_products_shrinkage
edge:pair_score_mean,-1.2924101652767028e-05,2.009163164939931e-05,EdgeGAT_full_concat_tk_ka_shrinkage,all_products_shrinkage
heading_idx,0.3439752755573302,0.2674409356861991,EdgeGAT_full_concat_tk_tk_shrinkage,all_products_shrinkage
node:events_total,0.3276448623913733,0.1315037604200268,EdgeGAT_full_concat_tk_tk_shrinkage,all_products_shrinkage
node:gdpcap_o,0.2254018646598456,0.1858081695928456,EdgeGAT_full_concat_tk_tk_shrinkage,all_products_shrinkage
node:score_mean,0.1448226436885712,0.0687626204228624,EdgeGAT_full_concat_tk_tk_shrinkage,all_products_shrinkage
node:goldstein_wmean,0.133587948281467,0.0648635300269785,EdgeGAT_full_concat_tk_tk_shrinkage,all_products_shrinkage
node:pop_o,0.1160116212554173,0.0724616913645348,EdgeGAT_full_concat_tk_tk_shrinkage,all_products_shrinkage
node:active_months,0.1129573082817914,0.0645304304430766,EdgeGAT_full_concat_tk_tk_shrinkage,all_products_shrinkage
node:tone_mean,0.0966312558631604,0.0726889632042079,EdgeGAT_full_concat_tk_tk_shrinkage,all_products_shrinkage
node:score_max,0.0491072256095656,0.0256872396061179,EdgeGAT_full_concat_tk_tk_shrinkage,all_products_shrinkage
node:score_vol,0.0130959706356195,0.0112108386969396,EdgeGAT_full_concat_tk_tk_shrinkage,all_products_shrinkage
node:gdpcap_d,0.0124618886371429,0.0089738783891144,EdgeGAT_full_concat_tk_tk_shrinkage,all_products_shrinkage
node:pop_d,0.0121778697191651,0.0095733788735686,EdgeGAT_full_concat_tk_tk_shrinkage,all_products_shrinkage
node:cmdCode,0.004429508227033,0.0040357753879576,EdgeGAT_full_concat_tk_tk_shrinkage,all_products_shrinkage
edge:pair_score_mean,0.0004885211528453,0.0002132345733084,EdgeGAT_full_concat_tk_tk_shrinkage,all_products_shrinkage
edge:pair_events,0.0003746765215297,0.0001256664809323,EdgeGAT_full_concat_tk_tk_shrinkage,all_products_shrinkage
edge:dist,0.0001377748843411,8.901574583515999e-05,EdgeGAT_full_concat_tk_tk_shrinkage,all_products_shrinkage
edge:pair_gold_mean,4.334019333425884e-05,5.0590519450518144e-05,EdgeGAT_full_concat_tk_tk_shrinkage,all_products_shrinkage
node:refYear,0.0,0.0,EdgeGAT_full_concat_tk_tk_shrinkage,all_products_shrinkage
edge:pair_score_max,-1.1912194452956548e-05,-8.793191584273904e-06,EdgeGAT_full_concat_tk_tk_shrinkage,all_products_shrinkage
heading_idx,0.3042598486267508,0.2346615576803178,GAT_first_keepall_attention_shrinkage,all_products_shrinkage
gdpcap_o,0.1955994483510027,0.1596439933784681,GAT_first_keepall_attention_shrinkage,all_products_shrinkage
pop_o,0.1822438014790008,0.143029638290726,GAT_first_keepall_attention_shrinkage,all_products_shrinkage
tone_mean,0.0925862920323598,0.0766168757323548,GAT_first_keepall_attention_shrinkage,all_products_shrinkage
active_months,0.0426566727445071,0.0190366581925119,GAT_first_keepall_attention_shrinkage,all_products_shrinkage
events_total,0.0423238191302125,0.0249295393501778,GAT_first_keepall_attention_shrinkage,all_products_shrinkage
goldstein_wmean,0.0275068872406555,0.0150267653931156,GAT_first_keepall_attention_shrinkage,all_products_shrinkage
gdpcap_d,0.0117790876462806,0.0095705188206696,GAT_first_keepall_attention_shrinkage,all_products_shrinkage
score_max,0.0094060959766847,0.0053761665335192,GAT_first_keepall_attention_shrinkage,all_products_shrinkage
score_mean,0.0087293454071799,0.0060076919681834,GAT_first_keepall_attention_shrinkage,all_products_shrinkage
pop_d,0.0085879183801888,0.0074477880585389,GAT_first_keepall_attention_shrinkage,all_products_shrinkage
score_vol,0.0082605171820446,0.0082975054805188,GAT_first_keepall_attention_shrinkage,all_products_shrinkage
dist,0.0030179612266652,0.0029308674199447,GAT_first_keepall_attention_shrinkage,all_products_shrinkage
cmdCode,0.0022331025376523,0.0021243345745263,GAT_first_keepall_attention_shrinkage,all_products_shrinkage
refYear,0.0,0.0,GAT_first_keepall_attention_shrinkage,all_products_shrinkage
heading_idx,0.3333246643976437,0.2776639877346319,GAT_first_keepall_blend_shrinkage,all_products_shrinkage
gdpcap_o,0.1779979012954146,0.1715663002293415,GAT_first_keepall_blend_shrinkage,all_products_shrinkage
pop_o,0.1734768391129881,0.1477864762115048,GAT_first_keepall_blend_shrinkage,all_products_shrinkage
tone_mean,0.1434450517251265,0.0960892906646787,GAT_first_keepall_blend_shrinkage,all_products_shrinkage
active_months,0.1330619588929177,0.0638176650174316,GAT_first_keepall_blend_shrinkage,all_products_shrinkage
goldstein_wmean,0.049604154339814,0.0460708626459178,GAT_first_keepall_blend_shrinkage,all_products_shrinkage
score_mean,0.0462053994903074,0.0410072647898247,GAT_first_keepall_blend_shrinkage,all_products_shrinkage
events_total,0.0211597093932195,0.009834092776115,GAT_first_keepall_blend_shrinkage,all_products_shrinkage
score_vol,0.017634301972249,0.0151442606275088,GAT_first_keepall_blend_shrinkage,all_products_shrinkage
gdpcap_d,0.0121292620875579,0.0086534899221537,GAT_first_keepall_blend_shrinkage,all_products_shrinkage
score_max,0.0099520399639538,0.0027831598365547,GAT_first_keepall_blend_shrinkage,all_products_shrinkage
dist,0.0087922515708438,0.0058037872824889,GAT_first_keepall_blend_shrinkage,all_products_shrinkage
pop_d,0.0083923421402872,0.005882359131617,GAT_first_keepall_blend_shrinkage,all_products_shrinkage
cmdCode,0.0013880947394027,0.001538614667385,GAT_first_keepall_blend_shrinkage,all_products_shrinkage
refYear,0.0,0.0,GAT_first_keepall_blend_shrinkage,all_products_shrinkage
heading_idx,0.3437603854953348,0.2810291052778227,GAT_first_keepall_concat_shrinkage,all_products_shrinkage
gdpcap_o,0.2368193309099711,0.1844726801812688,GAT_first_keepall_concat_shrinkage,all_products_shrinkage
pop_o,0.1437742883682379,0.1066663556630031,GAT_first_keepall_concat_shrinkage,all_products_shrinkage
goldstein_wmean,0.1340656050272588,0.0640344454575242,GAT_first_keepall_concat_shrinkage,all_products_shrinkage
events_total,0.1293066458102206,0.0424189053761219,GAT_first_keepall_concat_shrinkage,all_products_shrinkage
score_mean,0.0882426847439157,0.0516421767547559,GAT_first_keepall_concat_shrinkage,all_products_shrinkage
tone_mean,0.072884822889453,0.0590877969051775,GAT_first_keepall_concat_shrinkage,all_products_shrinkage
active_months,0.0595856198990768,0.0340929678230537,GAT_first_keepall_concat_shrinkage,all_products_shrinkage
score_max,0.0299202362398744,0.0265194309080875,GAT_first_keepall_concat_shrinkage,all_products_shrinkage
score_vol,0.0167311946166327,0.0117637718047713,GAT_first_keepall_concat_shrinkage,all_products_shrinkage
gdpcap_d,0.0155232893566769,0.0116281755908999,GAT_first_keepall_concat_shrinkage,all_products_shrinkage
pop_d,0.0124508551057239,0.0097525126204203,GAT_first_keepall_concat_shrinkage,all_products_shrinkage
dist,0.0101895208566059,0.0090293893194628,GAT_first_keepall_concat_shrinkage,all_products_shrinkage
cmdCode,0.0087099887744643,0.0071629243062327,GAT_first_keepall_concat_shrinkage,all_products_shrinkage
refYear,0.0,0.0,GAT_first_keepall_concat_shrinkage,all_products_shrinkage
heading_idx,0.3364022219463962,0.2652120097488448,GAT_first_none_shrinkage,all_products_shrinkage
pop_o,0.3057433892753515,0.2414957824703623,GAT_first_none_shrinkage,all_products_shrinkage
gdpcap_o,0.276864734238648,0.2094157201240761,GAT_first_none_shrinkage,all_products_shrinkage
dist,0.0377397036241207,0.0279426945983598,GAT_first_none_shrinkage,all_products_shrinkage
gdpcap_d,0.0340739284127308,0.0227178639679818,GAT_first_none_shrinkage,all_products_shrinkage
pop_d,0.0251761088476603,0.0190933172373009,GAT_first_none_shrinkage,all_products_shrinkage
cmdCode,0.0080556146832128,0.0051372920040512,GAT_first_none_shrinkage,all_products_shrinkage
refYear,0.0,0.0,GAT_first_none_shrinkage,all_products_shrinkage
heading_idx,0.3688754990254878,0.2741743221794037,GAT_first_topk_blend_shrinkage,all_products_shrinkage
gdpcap_o,0.2288574880378952,0.178338928335863,GAT_first_topk_blend_shrinkage,all_products_shrinkage
pop_o,0.1832527938164463,0.147695905581879,GAT_first_topk_blend_shrinkage,all_products_shrinkage
events_total,0.1245871149107458,0.060594117458723,GAT_first_topk_blend_shrinkage,all_products_shrinkage
tone_mean,0.0544230868783547,0.0545612672249692,GAT_first_topk_blend_shrinkage,all_products_shrinkage
score_mean,0.051560261486945,0.0438285795495386,GAT_first_topk_blend_shrinkage,all_products_shrinkage
active_months,0.0492184705289386,0.0125912790985254,GAT_first_topk_blend_shrinkage,all_products_shrinkage
goldstein_wmean,0.0461279103993286,0.0341311228832645,GAT_first_topk_blend_shrinkage,all_products_shrinkage
score_max,0.0292921857754155,0.0201682732543914,GAT_first_topk_blend_shrinkage,all_products_shrinkage
dist,0.0168110181907009,0.0122466562735111,GAT_first_topk_blend_shrinkage,all_products_shrinkage
score_vol,0.0096024109778564,0.0088099740505523,GAT_first_topk_blend_shrinkage,all_products_shrinkage
pop_d,0.0081578842616739,0.0064468800322488,GAT_first_topk_blend_shrinkage,all_products_shrinkage
gdpcap_d,0.0062567271494226,0.004973815660897,GAT_first_topk_blend_shrinkage,all_products_shrinkage
cmdCode,0.0013464941299787,0.0013502184261502,GAT_first_topk_blend_shrinkage,all_products_shrinkage
refYear,0.0,0.0,GAT_first_topk_blend_shrinkage,all_products_shrinkage
heading_idx,0.3365808129084322,0.2632034955691048,GAT_first_topk_concat_shrinkage,all_products_shrinkage
gdpcap_o,0.2961484814695144,0.213808020440913,GAT_first_topk_concat_shrinkage,all_products_shrinkage
pop_o,0.2045594826464408,0.1311508943591685,GAT_first_topk_concat_shrinkage,all_products_shrinkage
events_total,0.1019227412491033,0.0521101020398216,GAT_first_topk_concat_shrinkage,all_products_shrinkage
tone_mean,0.072376846508351,0.0732023314370935,GAT_first_topk_concat_shrinkage,all_products_shrinkage
goldstein_wmean,0.0645205010602387,0.0349310322174326,GAT_first_topk_concat_shrinkage,all_products_shrinkage
score_mean,0.0631783940810022,0.0322481142965826,GAT_first_topk_concat_shrinkage,all_products_shrinkage
active_months,0.0457665131873346,0.0158588963726562,GAT_first_topk_concat_shrinkage,all_products_shrinkage
score_max,0.0261254081191965,0.0242665039704263,GAT_first_topk_concat_shrinkage,all_products_shrinkage
gdpcap_d,0.0233201027512521,0.0158421721415337,GAT_first_topk_concat_shrinkage,all_products_shrinkage
pop_d,0.0126717080345197,0.0110996225916003,GAT_first_topk_concat_shrinkage,all_products_shrinkage
dist,0.0091783533298335,0.011921251934985,GAT_first_topk_concat_shrinkage,all_products_shrinkage
score_vol,0.0084858102488856,0.0090091688667325,GAT_first_topk_concat_shrinkage,all_products_shrinkage
cmdCode,0.0008639484420361,0.0016140280693018,GAT_first_topk_concat_shrinkage,all_products_shrinkage
refYear,0.0,0.0,GAT_first_topk_concat_shrinkage,all_products_shrinkage
